<?xml version="1.0" encoding="UTF-8" ?>
<webTalkData  fileName='usage_statistics_ext_sdk.xml'  majorVersion='1' minorVersion='0' timeStamp='Tue Nov 29 18:12:01 2016'>
<section name="__ROOT__" level="0" order="1" description="">
 <section name="software_version_and_target_device" level="1" order="1" description="">
  <keyValuePair key="beta" value="false" description="" />
  <keyValuePair key="build_version" value="2016.2" description="" />
  <keyValuePair key="date_generated" value="Di Nov 29 18:11:58 2016" description="" />
  <keyValuePair key="os_platform" value="amd64" description="" />
  <keyValuePair key="product_version" value="SDK v2016.2" description="" />
  <keyValuePair key="project_id" value="2016.2_2" description="" />
  <keyValuePair key="project_iteration" value="2" description="" />
  <keyValuePair key="random_id" value="r99irm1fki0jpopt4rf9mh46ar" description="" />
  <keyValuePair key="registration_id" value="r99irm1fki0jpopt4rf9mh46ar" description="" />
  <keyValuePair key="route_design" value="NA" description="" />
  <keyValuePair key="target_device" value="NA" description="" />
  <keyValuePair key="target_family" value="NA" description="" />
  <keyValuePair key="target_package" value="NA" description="" />
  <keyValuePair key="target_speed" value="NA" description="" />
  <keyValuePair key="tool_flow" value="SDK" description="" />
 </section>
 <section name="user_environment" level="1" order="2" description="">
  <keyValuePair key="cpu_name" value="SDK" description="" />
  <keyValuePair key="cpu_speed" value="SDK" description="" />
  <keyValuePair key="os_name" value="SDK" description="" />
  <keyValuePair key="os_release" value="SDK" description="" />
  <keyValuePair key="system_ram" value="SDK" description="" />
  <keyValuePair key="total_processors" value="SDK" description="" />
 </section>
 <section name="sdk" level="1" order="3" description="">
  <section name="application/1480429738414" level="2" order="1" description="">
   <keyValuePair key="apptemplate" value="empty_application" description="" />
   <keyValuePair key="bspid" value="1480429722391" description="" />
   <keyValuePair key="hwid" value="1480428818076" description="" />
   <keyValuePair key="newbsp" value="true" description="" />
   <keyValuePair key="os" value="standalone" description="" />
   <keyValuePair key="uid" value="1480429738414" description="" />
  </section>
  <section name="bsp/1480429722391" level="2" order="2" description="">
   <keyValuePair key="apptemplate" value="empty_application" description="" />
   <keyValuePair key="hwid" value="1480428818076" description="" />
   <keyValuePair key="os" value="standalone" description="" />
   <keyValuePair key="uid" value="1480429722391" description="" />
  </section>
 </section>
 <section name="vivado_usage" level="1" order="4" description="">
 </section>
</section>
</webTalkData>
