<?xml version="1.0" encoding="UTF-8"?>
<GenRun Id="synth_1" LaunchPart="xc7z020clg484-1" LaunchTime="1480361927">
  <File Type="RUN-CONSTRS" Name="$PDATADIR/runs/synth_1/constrs_in.xml"/>
  <File Type="RDS-DCP" Name="base_zynq_design_wrapper.dcp"/>
  <File Type="RUN-SRCS" Name="$PDATADIR/runs/synth_1/sources.xml"/>
  <File Type="RDS-UTIL-PB" Name="base_zynq_design_wrapper_utilization_synth.pb"/>
  <File Type="RUN-STRAT" Name="$PDATADIR/runs/synth_1/synth_1.psg"/>
  <File Type="PA-TCL" Name="base_zynq_design_wrapper.tcl"/>
  <File Type="RDS-PROPCONSTRS" Name="base_zynq_design_wrapper_drc_synth.rpt"/>
  <File Type="RDS-RDS" Name="base_zynq_design_wrapper.vds"/>
  <File Type="RDS-UTIL" Name="base_zynq_design_wrapper_utilization_synth.rpt"/>
  <File Type="VDS-TIMINGSUMMARY" Name="base_zynq_design_wrapper_timing_summary_synth.rpt"/>
  <File Type="VDS-TIMING-PB" Name="base_zynq_design_wrapper_timing_summary_synth.pb"/>
  <FileSet Name="sources" Type="DesignSrcs" RelSrcDir="$PSRCDIR/sources_1">
    <Filter Type="Srcs"/>
    <File Path="$PSRCDIR/sources_1/bd/base_zynq_design/base_zynq_design.bd">
      <FileInfo>
        <Attr Name="ImportPath" Val="$PPRDIR/../../../../../../../../Desktop/ledblink/ledblink.srcs/sources_1/bd/base_zynq_design/base_zynq_design.bd"/>
        <Attr Name="ImportTime" Val="1479147371"/>
        <Attr Name="UsedIn" Val="synthesis"/>
        <Attr Name="UsedIn" Val="implementation"/>
        <Attr Name="UsedIn" Val="simulation"/>
      </FileInfo>
    </File>
    <File Path="$PSRCDIR/sources_1/bd/base_zynq_design/hdl/base_zynq_design_wrapper.vhd">
      <FileInfo>
        <Attr Name="ImportPath" Val="$PPRDIR/../../../../../../../../Desktop/ledblink/ledblink.srcs/sources_1/bd/base_zynq_design/hdl/base_zynq_design_wrapper.vhd"/>
        <Attr Name="ImportTime" Val="1479147370"/>
        <Attr Name="UsedIn" Val="synthesis"/>
        <Attr Name="UsedIn" Val="simulation"/>
      </FileInfo>
    </File>
    <File Path="$PSRCDIR/sources_1/bd/base_zynq_design/ip/base_zynq_design_axi_gpio_0_1/base_zynq_design_axi_gpio_0_1.upgrade_log">
      <FileInfo>
        <Attr Name="ImportPath" Val="$PPRDIR/../../../../../../../../Desktop/soundloc/soundloc.srcs/sources_1/bd/base_zynq_design/ip/base_zynq_design_axi_gpio_0_1/base_zynq_design_axi_gpio_0_1.upgrade_log"/>
        <Attr Name="ImportTime" Val="1479211690"/>
      </FileInfo>
    </File>
    <File Path="$PSRCDIR/sources_1/bd/base_zynq_design/ip/base_zynq_design_processing_system7_0_axi_periph_0/base_zynq_design_processing_system7_0_axi_periph_0.upgrade_log">
      <FileInfo>
        <Attr Name="ImportPath" Val="$PPRDIR/../../../../../../../../Desktop/soundloc/soundloc.srcs/sources_1/bd/base_zynq_design/ip/base_zynq_design_processing_system7_0_axi_periph_0/base_zynq_design_processing_system7_0_axi_periph_0.upgrade_log"/>
        <Attr Name="ImportTime" Val="1479211695"/>
      </FileInfo>
    </File>
    <File Path="$PSRCDIR/sources_1/bd/base_zynq_design/ip/base_zynq_design_rst_processing_system7_0_50M_0/base_zynq_design_rst_processing_system7_0_50M_0.upgrade_log">
      <FileInfo>
        <Attr Name="ImportPath" Val="$PPRDIR/../../../../../../../../Desktop/soundloc/soundloc.srcs/sources_1/bd/base_zynq_design/ip/base_zynq_design_rst_processing_system7_0_50M_0/base_zynq_design_rst_processing_system7_0_50M_0.upgrade_log"/>
        <Attr Name="ImportTime" Val="1479211698"/>
      </FileInfo>
    </File>
    <File Path="$PSRCDIR/sources_1/bd/base_zynq_design/ip/base_zynq_design_XCorr_0_1/base_zynq_design_XCorr_0_1.upgrade_log">
      <FileInfo>
        <Attr Name="ImportPath" Val="$PPRDIR/../../../../../../../../Desktop/soundloc/soundloc.srcs/sources_1/bd/base_zynq_design/ip/base_zynq_design_XCorr_0_1/base_zynq_design_XCorr_0_1.upgrade_log"/>
        <Attr Name="ImportTime" Val="1480361872"/>
      </FileInfo>
    </File>
    <Config>
      <Option Name="DesignMode" Val="RTL"/>
      <Option Name="TopModule" Val="base_zynq_design_wrapper"/>
      <Option Name="TopAutoSet" Val="TRUE"/>
    </Config>
  </FileSet>
  <FileSet Name="constrs_in" Type="Constrs" RelSrcDir="$PSRCDIR/constrs_1">
    <Filter Type="Constrs"/>
    <File Path="$PSRCDIR/constrs_1/new/Pin.xdc">
      <FileInfo>
        <Attr Name="ImportPath" Val="$PPRDIR/../../../../../../../../Desktop/ledblink/ledblink.srcs/constrs_1/new/Pin.xdc"/>
        <Attr Name="ImportTime" Val="1479146697"/>
        <Attr Name="UsedIn" Val="synthesis"/>
        <Attr Name="UsedIn" Val="implementation"/>
      </FileInfo>
    </File>
    <Config>
      <Option Name="TargetConstrsFile" Val="$PSRCDIR/constrs_1/new/Pin.xdc"/>
      <Option Name="ConstrsType" Val="XDC"/>
    </Config>
  </FileSet>
  <Strategy Version="1" Minor="2">
    <StratHandle Name="Flow_RuntimeOptimized" Flow="Vivado Synthesis 2015"/>
    <Step Id="synth_design">
      <Option Id="FlattenHierarchy">1</Option>
      <Option Id="Directive">0</Option>
      <Option Id="FsmExtraction">0</Option>
    </Step>
  </Strategy>
</GenRun>
