<?xml version="1.0" encoding="UTF-8"?>
<GenRun Id="synth_1" LaunchPart="xc7a35ticsg324-1L" LaunchTime="1479853290">
  <File Type="PA-TCL" Name="bd_wrapper.tcl"/>
  <File Type="RDS-PROPCONSTRS" Name="bd_wrapper_drc_synth.rpt"/>
  <File Type="RDS-RDS" Name="bd_wrapper.vds"/>
  <File Type="RDS-UTIL" Name="bd_wrapper_utilization_synth.rpt"/>
  <File Type="RDS-UTIL-PB" Name="bd_wrapper_utilization_synth.pb"/>
  <File Type="RDS-DCP" Name="bd_wrapper.dcp"/>
  <File Type="VDS-TIMINGSUMMARY" Name="bd_wrapper_timing_summary_synth.rpt"/>
  <File Type="VDS-TIMING-PB" Name="bd_wrapper_timing_summary_synth.pb"/>
  <FileSet Name="sources" Type="DesignSrcs" RelSrcDir="$PSRCDIR/sources_1">
    <Filter Type="Srcs"/>
    <File Path="$PSRCDIR/sources_1/new/clk_div.vhd">
      <FileInfo>
        <Attr Name="ImportPath" Val="E:/git/SoundLoc/Vivado/SoundLoc.srcs/sources_1/new/clk_div.vhd"/>
        <Attr Name="ImportTime" Val="1479418270"/>
        <Attr Name="UsedIn" Val="synthesis"/>
        <Attr Name="UsedIn" Val="simulation"/>
      </FileInfo>
    </File>
    <File Path="$PSRCDIR/sources_1/bd/bd/bd.bd">
      <FileInfo>
        <Attr Name="ImportPath" Val="E:/git/SoundLoc/Vivado/SoundLoc.srcs/sources_1/bd/bd/bd.bd"/>
        <Attr Name="ImportTime" Val="1479853270"/>
        <Attr Name="UsedIn" Val="synthesis"/>
        <Attr Name="UsedIn" Val="implementation"/>
        <Attr Name="UsedIn" Val="simulation"/>
      </FileInfo>
    </File>
    <File Path="$PSRCDIR/sources_1/bd/bd/hdl/bd_wrapper.vhd">
      <FileInfo SFType="VHDL2008">
        <Attr Name="ImportPath" Val="E:/git/SoundLoc/Vivado/SoundLoc.srcs/sources_1/bd/bd/hdl/bd_wrapper.vhd"/>
        <Attr Name="ImportTime" Val="1479853270"/>
        <Attr Name="UsedIn" Val="synthesis"/>
        <Attr Name="UsedIn" Val="simulation"/>
      </FileInfo>
    </File>
    <Config>
      <Option Name="DesignMode" Val="RTL"/>
      <Option Name="TopModule" Val="bd_wrapper"/>
      <Option Name="TopAutoSet" Val="TRUE"/>
    </Config>
  </FileSet>
  <FileSet Name="constrs_in" Type="Constrs" RelSrcDir="$PSRCDIR/constrs_1">
    <Filter Type="Constrs"/>
    <File Path="$PSRCDIR/constrs_1/imports/git/Arty_Master.xdc">
      <FileInfo>
        <Attr Name="ImportPath" Val="E:/git/Arty_Master.xdc"/>
        <Attr Name="ImportTime" Val="1478951094"/>
        <Attr Name="UsedIn" Val="synthesis"/>
        <Attr Name="UsedIn" Val="implementation"/>
      </FileInfo>
    </File>
    <File Path="$PSRCDIR/constrs_1/new/timing.xdc">
      <FileInfo>
        <Attr Name="ImportPath" Val="E:/git/SoundLoc/Vivado/SoundLoc.srcs/constrs_1/new/timing.xdc"/>
        <Attr Name="ImportTime" Val="1479841424"/>
        <Attr Name="UsedIn" Val="synthesis"/>
        <Attr Name="UsedIn" Val="implementation"/>
      </FileInfo>
    </File>
    <Config>
      <Option Name="TargetConstrsFile" Val="$PSRCDIR/constrs_1/new/timing.xdc"/>
      <Option Name="ConstrsType" Val="XDC"/>
    </Config>
  </FileSet>
  <Strategy Version="1" Minor="2">
    <StratHandle Name="Vivado Synthesis Defaults" Flow="Vivado Synthesis 2016"/>
    <Step Id="synth_design"/>
  </Strategy>
</GenRun>
