<?xml version="1.0" encoding="UTF-8"?>
<GenRun Id="impl_1" LaunchPart="xc7z020clg484-1" LaunchTime="1480361927">
  <File Type="RUN-CONSTRS" Name="$PDATADIR/runs/impl_1/constrs_in.xml"/>
  <File Type="OPT-DCP" Name="base_zynq_design_wrapper_opt.dcp"/>
  <File Type="RUN-SRCS" Name="$PDATADIR/runs/impl_1/sources.xml"/>
  <File Type="RUN-STRAT" Name="$PDATADIR/runs/impl_1/impl_1.psg"/>
  <File Type="ROUTE-DCP" Name="base_zynq_design_wrapper_routed.dcp"/>
  <File Type="PA-TCL" Name="base_zynq_design_wrapper.tcl"/>
  <File Type="INIT-TIMING" Name="base_zynq_design_wrapper_timing_summary_init.rpt"/>
  <File Type="OPT-DRC" Name="base_zynq_design_wrapper_drc_opted.rpt"/>
  <File Type="OPT-TIMING" Name="base_zynq_design_wrapper_timing_summary_opted.rpt"/>
  <File Type="OPT-HWDEF" Name="base_zynq_design_wrapper.hwdef"/>
  <File Type="PWROPT-DCP" Name="base_zynq_design_wrapper_pwropt.dcp"/>
  <File Type="PWROPT-DRC" Name="base_zynq_design_wrapper_drc_pwropted.rpt"/>
  <File Type="PWROPT-TIMING" Name="base_zynq_design_wrapper_timing_summary_pwropted.rpt"/>
  <File Type="PLACE-DCP" Name="base_zynq_design_wrapper_placed.dcp"/>
  <File Type="PLACE-IO" Name="base_zynq_design_wrapper_io_placed.rpt"/>
  <File Type="PLACE-CLK" Name="base_zynq_design_wrapper_clock_utilization_placed.rpt"/>
  <File Type="PLACE-UTIL" Name="base_zynq_design_wrapper_utilization_placed.rpt"/>
  <File Type="PLACE-UTIL-PB" Name="base_zynq_design_wrapper_utilization_placed.pb"/>
  <File Type="PLACE-CTRL" Name="base_zynq_design_wrapper_control_sets_placed.rpt"/>
  <File Type="PLACE-SIMILARITY" Name="base_zynq_design_wrapper_incremental_reuse_placed.rpt"/>
  <File Type="PLACE-PRE-SIMILARITY" Name="base_zynq_design_wrapper_incremental_reuse_pre_placed.rpt"/>
  <File Type="PLACE-TIMING" Name="base_zynq_design_wrapper_timing_summary_placed.rpt"/>
  <File Type="POSTPLACE-PWROPT-DCP" Name="base_zynq_design_wrapper_postplace_pwropt.dcp"/>
  <File Type="POSTPLACE-PWROPT-TIMING" Name="base_zynq_design_wrapper_timing_summary_postplace_pwropted.rpt"/>
  <File Type="PHYSOPT-DCP" Name="base_zynq_design_wrapper_physopt.dcp"/>
  <File Type="PHYSOPT-DRC" Name="base_zynq_design_wrapper_drc_physopted.rpt"/>
  <File Type="RDI-RDI" Name="base_zynq_design_wrapper.vdi"/>
  <File Type="PHYSOPT-TIMING" Name="base_zynq_design_wrapper_timing_summary_physopted.rpt"/>
  <File Type="ROUTE-DRC" Name="base_zynq_design_wrapper_drc_routed.rpt"/>
  <File Type="ROUTE-DRC-PB" Name="base_zynq_design_wrapper_drc_routed.pb"/>
  <File Type="ROUTE-PWR" Name="base_zynq_design_wrapper_power_routed.rpt"/>
  <File Type="ROUTE-PWR-SUM" Name="base_zynq_design_wrapper_power_summary_routed.pb"/>
  <File Type="ROUTE-STATUS" Name="base_zynq_design_wrapper_route_status.rpt"/>
  <File Type="ROUTE-STATUS-PB" Name="base_zynq_design_wrapper_route_status.pb"/>
  <File Type="ROUTE-TIMINGSUMMARY" Name="base_zynq_design_wrapper_timing_summary_routed.rpt"/>
  <File Type="ROUTE-TIMING-PB" Name="base_zynq_design_wrapper_timing_summary_routed.pb"/>
  <File Type="ROUTE-TIMING-RPX" Name="base_zynq_design_wrapper_timing_summary_routed.rpx"/>
  <File Type="ROUTE-SIMILARITY" Name="base_zynq_design_wrapper_incremental_reuse_routed.rpt"/>
  <File Type="ROUTE-CLK" Name="base_zynq_design_wrapper_clock_utilization_routed.rpt"/>
  <File Type="POSTROUTE-PHYSOPT-DCP" Name="base_zynq_design_wrapper_postroute_physopt.dcp"/>
  <File Type="POSTROUTE-PHYSOPT-TIMING" Name="base_zynq_design_wrapper_timing_summary_postroute_physopted.rpt"/>
  <File Type="POSTROUTE-PHYSOPT-TIMING-PB" Name="base_zynq_design_wrapper_timing_summary_postroute_physopted.pb"/>
  <File Type="POSTROUTE-PHYSOPT-TIMING-RPX" Name="base_zynq_design_wrapper_timing_summary_postroute_physopted.rpx"/>
  <File Type="BG-BIT" Name="base_zynq_design_wrapper.bit"/>
  <File Type="BG-BIN" Name="base_zynq_design_wrapper.bin"/>
  <File Type="BITSTR-MSK" Name="base_zynq_design_wrapper.msk"/>
  <File Type="BITSTR-RBT" Name="base_zynq_design_wrapper.rbt"/>
  <File Type="BITSTR-NKY" Name="base_zynq_design_wrapper.nky"/>
  <File Type="BITSTR-BMM" Name="base_zynq_design_wrapper_bd.bmm"/>
  <File Type="BITSTR-MMI" Name="base_zynq_design_wrapper.mmi"/>
  <File Type="BITSTR-SYSDEF" Name="base_zynq_design_wrapper.sysdef"/>
  <File Type="BG-BGN" Name="base_zynq_design_wrapper.bgn"/>
  <File Type="BG-DRC" Name="base_zynq_design_wrapper.drc"/>
  <File Type="WBT-USG" Name="usage_statistics_webtalk.html"/>
  <FileSet Name="sources" Type="DesignSrcs" RelSrcDir="$PSRCDIR/sources_1">
    <Filter Type="Srcs"/>
    <File Path="$PSRCDIR/sources_1/bd/base_zynq_design/base_zynq_design.bd">
      <FileInfo>
        <Attr Name="ImportPath" Val="$PPRDIR/../../../../../../../../Desktop/ledblink/ledblink.srcs/sources_1/bd/base_zynq_design/base_zynq_design.bd"/>
        <Attr Name="ImportTime" Val="1479147371"/>
        <Attr Name="UsedIn" Val="synthesis"/>
        <Attr Name="UsedIn" Val="implementation"/>
        <Attr Name="UsedIn" Val="simulation"/>
      </FileInfo>
    </File>
    <File Path="$PSRCDIR/sources_1/bd/base_zynq_design/hdl/base_zynq_design_wrapper.vhd">
      <FileInfo>
        <Attr Name="ImportPath" Val="$PPRDIR/../../../../../../../../Desktop/ledblink/ledblink.srcs/sources_1/bd/base_zynq_design/hdl/base_zynq_design_wrapper.vhd"/>
        <Attr Name="ImportTime" Val="1479147370"/>
        <Attr Name="UsedIn" Val="synthesis"/>
        <Attr Name="UsedIn" Val="simulation"/>
      </FileInfo>
    </File>
    <File Path="$PSRCDIR/sources_1/bd/base_zynq_design/ip/base_zynq_design_axi_gpio_0_1/base_zynq_design_axi_gpio_0_1.upgrade_log">
      <FileInfo>
        <Attr Name="ImportPath" Val="$PPRDIR/../../../../../../../../Desktop/soundloc/soundloc.srcs/sources_1/bd/base_zynq_design/ip/base_zynq_design_axi_gpio_0_1/base_zynq_design_axi_gpio_0_1.upgrade_log"/>
        <Attr Name="ImportTime" Val="1479211690"/>
      </FileInfo>
    </File>
    <File Path="$PSRCDIR/sources_1/bd/base_zynq_design/ip/base_zynq_design_processing_system7_0_axi_periph_0/base_zynq_design_processing_system7_0_axi_periph_0.upgrade_log">
      <FileInfo>
        <Attr Name="ImportPath" Val="$PPRDIR/../../../../../../../../Desktop/soundloc/soundloc.srcs/sources_1/bd/base_zynq_design/ip/base_zynq_design_processing_system7_0_axi_periph_0/base_zynq_design_processing_system7_0_axi_periph_0.upgrade_log"/>
        <Attr Name="ImportTime" Val="1479211695"/>
      </FileInfo>
    </File>
    <File Path="$PSRCDIR/sources_1/bd/base_zynq_design/ip/base_zynq_design_rst_processing_system7_0_50M_0/base_zynq_design_rst_processing_system7_0_50M_0.upgrade_log">
      <FileInfo>
        <Attr Name="ImportPath" Val="$PPRDIR/../../../../../../../../Desktop/soundloc/soundloc.srcs/sources_1/bd/base_zynq_design/ip/base_zynq_design_rst_processing_system7_0_50M_0/base_zynq_design_rst_processing_system7_0_50M_0.upgrade_log"/>
        <Attr Name="ImportTime" Val="1479211698"/>
      </FileInfo>
    </File>
    <File Path="$PSRCDIR/sources_1/bd/base_zynq_design/ip/base_zynq_design_XCorr_0_1/base_zynq_design_XCorr_0_1.upgrade_log">
      <FileInfo>
        <Attr Name="ImportPath" Val="$PPRDIR/../../../../../../../../Desktop/soundloc/soundloc.srcs/sources_1/bd/base_zynq_design/ip/base_zynq_design_XCorr_0_1/base_zynq_design_XCorr_0_1.upgrade_log"/>
        <Attr Name="ImportTime" Val="1480361872"/>
      </FileInfo>
    </File>
    <Config>
      <Option Name="DesignMode" Val="RTL"/>
      <Option Name="TopModule" Val="base_zynq_design_wrapper"/>
      <Option Name="TopAutoSet" Val="TRUE"/>
    </Config>
  </FileSet>
  <FileSet Name="constrs_in" Type="Constrs" RelSrcDir="$PSRCDIR/constrs_1">
    <Filter Type="Constrs"/>
    <File Path="$PSRCDIR/constrs_1/new/Pin.xdc">
      <FileInfo>
        <Attr Name="ImportPath" Val="$PPRDIR/../../../../../../../../Desktop/ledblink/ledblink.srcs/constrs_1/new/Pin.xdc"/>
        <Attr Name="ImportTime" Val="1479146697"/>
        <Attr Name="UsedIn" Val="synthesis"/>
        <Attr Name="UsedIn" Val="implementation"/>
      </FileInfo>
    </File>
    <Config>
      <Option Name="TargetConstrsFile" Val="$PSRCDIR/constrs_1/new/Pin.xdc"/>
      <Option Name="ConstrsType" Val="XDC"/>
    </Config>
  </FileSet>
  <Strategy Version="1" Minor="2">
    <StratHandle Name="Flow_RuntimeOptimized" Flow="Vivado Implementation 2015"/>
    <Step Id="init_design"/>
    <Step Id="opt_design">
      <Option Id="Directive">4</Option>
    </Step>
    <Step Id="power_opt_design"/>
    <Step Id="place_design">
      <Option Id="Directive">14</Option>
    </Step>
    <Step Id="post_place_power_opt_design"/>
    <Step Id="phys_opt_design"/>
    <Step Id="route_design">
      <Option Id="Directive">5</Option>
    </Step>
    <Step Id="post_route_phys_opt_design"/>
    <Step Id="write_bitstream"/>
  </Strategy>
</GenRun>
