<?xml version="1.0" encoding="UTF-8" ?>
<document>
<!--The data in this file is primarily intended for consumption by Xilinx tools.
The structure and the elements are likely to change over the next few releases.
This means code written to parse this file will need to be revisited each subsequent release.-->
<application name="pa" timeStamp="Tue Nov 22 19:38:24 2016">
<section name="Project Information" visible="false">
<property name="ProjectID" value="d93bcae47a974351b64db754087d2ee8" type="ProjectID"/>
<property name="ProjectIteration" value="1" type="ProjectIteration"/>
</section>
<section name="PlanAhead Usage" visible="true">
<item name="Project Data">
<property name="SrcSetCount" value="1" type="SrcSetCount"/>
<property name="ConstraintSetCount" value="1" type="ConstraintSetCount"/>
<property name="DesignMode" value="RTL" type="DesignMode"/>
<property name="SynthesisStrategy" value="Vivado Synthesis Defaults" type="SynthesisStrategy"/>
<property name="ImplStrategy" value="Vivado Implementation Defaults" type="ImplStrategy"/>
</item>
<item name="Java Command Handlers">
<property name="CloseProject" value="6" type="JavaHandler"/>
<property name="CustomizeCore" value="3" type="JavaHandler"/>
<property name="EditDelete" value="3" type="JavaHandler"/>
<property name="IPPackagerWizardHandler" value="2" type="JavaHandler"/>
<property name="OpenPreviousIPHandler" value="1" type="JavaHandler"/>
</item>
<item name="Gui Resources Info">
<property name="PAResourceAtoD.CoreAndInterfacesBaseTreeTablePanel_REFRESH_ALL_REPOSITORIES, Refresh All Repositories" value="1" type="GuiResourceData"/>
<property name="PAResourceAtoD.CoreTreeTablePanel_CORE_TREE_TABLE, AXI_SH_595_v1.0 ; AXI4 ; Pre-Production ; Included ; Xilinx.com:user:AXI_SH_595:1.0, 4" value="1" type="GuiResourceData"/>
<property name="PAResourceAtoD.CoreTreeTablePanel_CORE_TREE_TABLE, AXI_SH_595_v1.0 ; AXI4 ; Pre-Production ; Included ; Xilinx.com:user:AXI_SH_595:1.0, 4, AXI_SH_595_v1.0, 0, false" value="2" type="GuiResourceData"/>
<property name="PAResourceAtoD.CoreTreeTablePanel_CORE_TREE_TABLE, AXI_SH_595_v1.0 ; AXI4 ; Pre-Production ; Included ; Xilinx.com:user:AXI_SH_595:1.0, 4, AXI_SH_595_v1.0, 0, false, false, false, false, false, true" value="1" type="GuiResourceData"/>
<property name="PAResourceAtoD.CoreTreeTablePanel_CORE_TREE_TABLE, AXI_SH_595_v1.0 ; AXI4 ; Pre-Production ; Included ; Xilinx.com:user:AXI_SH_595:1.0, 4, AXI_SH_595_v1.0, 0, false, false, false, false, true, false" value="2" type="GuiResourceData"/>
<property name="PAResourceAtoD.CoreTreeTablePanel_CORE_TREE_TABLE, SDM_Dezimator_v1.0 ; AXI4 ; Pre-Production ; Included ; xilinx.com:user:SDM_Dezimator:1.0, 5" value="1" type="GuiResourceData"/>
<property name="PAResourceAtoD.CoreTreeTablePanel_CORE_TREE_TABLE, SDM_Dezimator_v1.0 ; AXI4 ; Pre-Production ; Included ; xilinx.com:user:SDM_Dezimator:1.0, 5, SDM_Dezimator_v1.0, 0, false" value="2" type="GuiResourceData"/>
<property name="PAResourceAtoD.CoreTreeTablePanel_CORE_TREE_TABLE, SDM_Dezimator_v1.0 ; AXI4 ; Pre-Production ; Included ; xilinx.com:user:SDM_Dezimator:1.0, 5, SDM_Dezimator_v1.0, 0, false, false, false, false, false, true" value="1" type="GuiResourceData"/>
<property name="PAResourceAtoD.CoreTreeTablePanel_CORE_TREE_TABLE, SDM_Dezimator_v1.0 ; AXI4 ; Pre-Production ; Included ; xilinx.com:user:SDM_Dezimator:1.0, 5, SDM_Dezimator_v1.0, 0, false, false, false, false, true, false" value="1" type="GuiResourceData"/>
<property name="PAResourceAtoD.CoreTreeTablePanel_CORE_TREE_TABLE, XCorr_v1.0 ; AXI4 ; Pre-Production ; Included ; xilinx.com:user:XCorr:1.0, 7" value="1" type="GuiResourceData"/>
<property name="PAResourceAtoD.CoreTreeTablePanel_CORE_TREE_TABLE, XCorr_v1.0 ; AXI4 ; Pre-Production ; Included ; xilinx.com:user:XCorr:1.0, 7, XCorr_v1.0, 0, false" value="1" type="GuiResourceData"/>
<property name="PAResourceAtoD.CoreTreeTablePanel_CORE_TREE_TABLE, XCorr_v1.0 ; AXI4 ; Pre-Production ; Included ; xilinx.com:user:XCorr:1.0, 7, XCorr_v1.0, 0, false, false, false, false, false, true" value="1" type="GuiResourceData"/>
<property name="PAResourceCommand.PACommandNames_CLOSE_PROJECT, Close Project" value="2" type="GuiResourceData"/>
<property name="PAResourceEtoH.FileSetPanel_FILE_SET_PANEL_TREE, [root, IP, AXI_SH_595_0], 1, true, false, false, false, true, false" value="1" type="GuiResourceData"/>
<property name="PAResourceItoN.MainMenuMgr_FILE, File" value="4" type="GuiResourceData"/>
<property name="PAResourceItoN.MainMenuMgr_OPEN_RECENT_FILE, Open Recent File" value="4" type="GuiResourceData"/>
<property name="PAResourceItoN.MainMenuMgr_OPEN_RECENT_IP_LOCATION, Open Recent IP Location" value="6" type="GuiResourceData"/>
<property name="PAResourceItoN.MainMenuMgr_OPEN_RECENT_PROJECT, Open Recent Project" value="2" type="GuiResourceData"/>
<property name="PAResourceQtoS.SrcMenu_IP_DOCUMENTATION, IP Documentation" value="1" type="GuiResourceData"/>
<property name="RDIResource.BaseDialog_CANCEL, Cancel" value="2" type="GuiResourceData"/>
<property name="RDIResource.BaseDialog_OK, OK" value="3" type="GuiResourceData"/>
<property name="RDIResourceCommand.RDICommands_DELETE, Remove IP from Project..." value="1" type="GuiResourceData"/>
</item>
<item name="Other">
<property name="GuiMode" value="60" type="GuiMode"/>
<property name="BatchMode" value="0" type="BatchMode"/>
<property name="TclMode" value="53" type="TclMode"/>
</item>
</section>
</application>
</document>
