<?xml version="1.0" encoding="UTF-8"?>
<GenRun Id="impl_1" LaunchPart="xc7a35ticsg324-1L" LaunchTime="1479853290">
  <File Type="ROUTE-STATUS-PB" Name="bd_wrapper_route_status.pb"/>
  <File Type="PA-TCL" Name="bd_wrapper.tcl"/>
  <File Type="OPT-DCP" Name="bd_wrapper_opt.dcp"/>
  <File Type="INIT-TIMING" Name="bd_wrapper_timing_summary_init.rpt"/>
  <File Type="OPT-METHODOLOGY-DRC" Name="bd_wrapper_methodology_drc_opted.rpt"/>
  <File Type="RDI-RDI" Name="bd_wrapper.vdi"/>
  <File Type="PWROPT-DRC" Name="bd_wrapper_drc_pwropted.rpt"/>
  <File Type="OPT-DRC" Name="bd_wrapper_drc_opted.rpt"/>
  <File Type="PWROPT-DCP" Name="bd_wrapper_pwropt.dcp"/>
  <File Type="OPT-HWDEF" Name="bd_wrapper.hwdef"/>
  <File Type="OPT-TIMING" Name="bd_wrapper_timing_summary_opted.rpt"/>
  <File Type="PWROPT-TIMING" Name="bd_wrapper_timing_summary_pwropted.rpt"/>
  <File Type="PLACE-DCP" Name="bd_wrapper_placed.dcp"/>
  <File Type="PLACE-IO" Name="bd_wrapper_io_placed.rpt"/>
  <File Type="PLACE-CLK" Name="bd_wrapper_clock_utilization_placed.rpt"/>
  <File Type="PLACE-UTIL" Name="bd_wrapper_utilization_placed.rpt"/>
  <File Type="PLACE-UTIL-PB" Name="bd_wrapper_utilization_placed.pb"/>
  <File Type="PLACE-CTRL" Name="bd_wrapper_control_sets_placed.rpt"/>
  <File Type="PLACE-SIMILARITY" Name="bd_wrapper_incremental_reuse_placed.rpt"/>
  <File Type="PLACE-PRE-SIMILARITY" Name="bd_wrapper_incremental_reuse_pre_placed.rpt"/>
  <File Type="PLACE-TIMING" Name="bd_wrapper_timing_summary_placed.rpt"/>
  <File Type="POSTPLACE-PWROPT-DCP" Name="bd_wrapper_postplace_pwropt.dcp"/>
  <File Type="POSTPLACE-PWROPT-TIMING" Name="bd_wrapper_timing_summary_postplace_pwropted.rpt"/>
  <File Type="PHYSOPT-DCP" Name="bd_wrapper_physopt.dcp"/>
  <File Type="PHYSOPT-DRC" Name="bd_wrapper_drc_physopted.rpt"/>
  <File Type="PHYSOPT-TIMING" Name="bd_wrapper_timing_summary_physopted.rpt"/>
  <File Type="ROUTE-DCP" Name="bd_wrapper_routed.dcp"/>
  <File Type="ROUTE-BLACKBOX-DCP" Name="bd_wrapper_routed_bb.dcp"/>
  <File Type="ROUTE-DRC" Name="bd_wrapper_drc_routed.rpt"/>
  <File Type="ROUTE-DRC-PB" Name="bd_wrapper_drc_routed.pb"/>
  <File Type="ROUTE-METHODOLOGY-DRC" Name="bd_wrapper_methodology_drc_routed.rpt"/>
  <File Type="ROUTE-METHODOLOGY-DRC-PB" Name="bd_wrapper_methodology_drc_routed.pb"/>
  <File Type="BG-BIT" Name="bd_wrapper.bit"/>
  <File Type="ROUTE-PWR" Name="bd_wrapper_power_routed.rpt"/>
  <File Type="ROUTE-PWR-SUM" Name="bd_wrapper_power_summary_routed.pb"/>
  <File Type="ROUTE-PWR-RPX" Name="bd_wrapper_power_routed.rpx"/>
  <File Type="ROUTE-STATUS" Name="bd_wrapper_route_status.rpt"/>
  <File Type="ROUTE-TIMINGSUMMARY" Name="bd_wrapper_timing_summary_routed.rpt"/>
  <File Type="ROUTE-TIMING-PB" Name="bd_wrapper_timing_summary_routed.pb"/>
  <File Type="ROUTE-TIMING-RPX" Name="bd_wrapper_timing_summary_routed.rpx"/>
  <File Type="ROUTE-SIMILARITY" Name="bd_wrapper_incremental_reuse_routed.rpt"/>
  <File Type="ROUTE-CLK" Name="bd_wrapper_clock_utilization_routed.rpt"/>
  <File Type="POSTROUTE-PHYSOPT-DCP" Name="bd_wrapper_postroute_physopt.dcp"/>
  <File Type="POSTROUTE-PHYSOPT-BLACKBOX-DCP" Name="bd_wrapper_postroute_physopt_bb.dcp"/>
  <File Type="POSTROUTE-PHYSOPT-TIMING" Name="bd_wrapper_timing_summary_postroute_physopted.rpt"/>
  <File Type="POSTROUTE-PHYSOPT-TIMING-PB" Name="bd_wrapper_timing_summary_postroute_physopted.pb"/>
  <File Type="POSTROUTE-PHYSOPT-TIMING-RPX" Name="bd_wrapper_timing_summary_postroute_physopted.rpx"/>
  <File Type="BG-BIN" Name="bd_wrapper.bin"/>
  <File Type="BITSTR-MSK" Name="bd_wrapper.msk"/>
  <File Type="BITSTR-RBT" Name="bd_wrapper.rbt"/>
  <File Type="BITSTR-NKY" Name="bd_wrapper.nky"/>
  <File Type="BITSTR-BMM" Name="bd_wrapper_bd.bmm"/>
  <File Type="BITSTR-MMI" Name="bd_wrapper.mmi"/>
  <File Type="BITSTR-SYSDEF" Name="bd_wrapper.sysdef"/>
  <File Type="BG-BGN" Name="bd_wrapper.bgn"/>
  <File Type="BG-DRC" Name="bd_wrapper.drc"/>
  <File Type="WBT-USG" Name="usage_statistics_webtalk.html"/>
  <FileSet Name="sources" Type="DesignSrcs" RelSrcDir="$PSRCDIR/sources_1">
    <Filter Type="Srcs"/>
    <File Path="$PSRCDIR/sources_1/new/clk_div.vhd">
      <FileInfo>
        <Attr Name="ImportPath" Val="E:/git/SoundLoc/Vivado/SoundLoc.srcs/sources_1/new/clk_div.vhd"/>
        <Attr Name="ImportTime" Val="1479418270"/>
        <Attr Name="UsedIn" Val="synthesis"/>
        <Attr Name="UsedIn" Val="simulation"/>
      </FileInfo>
    </File>
    <File Path="$PSRCDIR/sources_1/bd/bd/bd.bd">
      <FileInfo>
        <Attr Name="ImportPath" Val="E:/git/SoundLoc/Vivado/SoundLoc.srcs/sources_1/bd/bd/bd.bd"/>
        <Attr Name="ImportTime" Val="1479853270"/>
        <Attr Name="UsedIn" Val="synthesis"/>
        <Attr Name="UsedIn" Val="implementation"/>
        <Attr Name="UsedIn" Val="simulation"/>
      </FileInfo>
    </File>
    <File Path="$PSRCDIR/sources_1/bd/bd/hdl/bd_wrapper.vhd">
      <FileInfo SFType="VHDL2008">
        <Attr Name="ImportPath" Val="E:/git/SoundLoc/Vivado/SoundLoc.srcs/sources_1/bd/bd/hdl/bd_wrapper.vhd"/>
        <Attr Name="ImportTime" Val="1479853270"/>
        <Attr Name="UsedIn" Val="synthesis"/>
        <Attr Name="UsedIn" Val="simulation"/>
      </FileInfo>
    </File>
    <Config>
      <Option Name="DesignMode" Val="RTL"/>
      <Option Name="TopModule" Val="bd_wrapper"/>
      <Option Name="TopAutoSet" Val="TRUE"/>
    </Config>
  </FileSet>
  <FileSet Name="constrs_in" Type="Constrs" RelSrcDir="$PSRCDIR/constrs_1">
    <Filter Type="Constrs"/>
    <File Path="$PSRCDIR/constrs_1/imports/git/Arty_Master.xdc">
      <FileInfo>
        <Attr Name="ImportPath" Val="E:/git/Arty_Master.xdc"/>
        <Attr Name="ImportTime" Val="1478951094"/>
        <Attr Name="UsedIn" Val="synthesis"/>
        <Attr Name="UsedIn" Val="implementation"/>
      </FileInfo>
    </File>
    <File Path="$PSRCDIR/constrs_1/new/timing.xdc">
      <FileInfo>
        <Attr Name="ImportPath" Val="E:/git/SoundLoc/Vivado/SoundLoc.srcs/constrs_1/new/timing.xdc"/>
        <Attr Name="ImportTime" Val="1479841424"/>
        <Attr Name="UsedIn" Val="synthesis"/>
        <Attr Name="UsedIn" Val="implementation"/>
      </FileInfo>
    </File>
    <Config>
      <Option Name="TargetConstrsFile" Val="$PSRCDIR/constrs_1/new/timing.xdc"/>
      <Option Name="ConstrsType" Val="XDC"/>
    </Config>
  </FileSet>
  <Strategy Version="1" Minor="2">
    <StratHandle Name="Vivado Implementation Defaults" Flow="Vivado Implementation 2016"/>
    <Step Id="init_design"/>
    <Step Id="opt_design"/>
    <Step Id="power_opt_design"/>
    <Step Id="place_design"/>
    <Step Id="post_place_power_opt_design"/>
    <Step Id="phys_opt_design"/>
    <Step Id="route_design"/>
    <Step Id="post_route_phys_opt_design"/>
    <Step Id="write_bitstream"/>
  </Strategy>
</GenRun>
